FIRST,MIDDLE,LAST,SUFFIX,NAME,TITLE,COMPANY,DEPARTMENT,SLUG,ADDRESS2,ADDRESS,CITY,ST,ZIP,COUNTRY,address,corrected
VICTORIA,-,GAU,-,VICTORIA GAU,-,CAPITAL CITY SYMPHONY,-,-,-,C/O ATLAS PERFORMING ARTS CENTER 1333 H STREET NE,WASHINGTON,DC,20002,United States,"1333 H St NE, Washington, DC 20002, United States",True
DAVID,J.L.,FISK,-,DAVID J.L. FISK,-,CHARLOTTE SYMPHONY,-,-,-,FIRST CITIZENS BANK PLAZA 128 SOUTH TRYON STREET SUITE 350,CHARLOTTE,NC,28202,United States,"128 S Tryon St #350, Charlotte, NC 28202, United States",True
CHRISTOPHER,-,WARREN-GREEN,-,CHRISTOPHER WARREN-GREEN,-,CHARLOTTE SYMPHONY,-,-,-,FIRST CITIZENS BANK PLAZA 128 SOUTH TRYON STREET SUITE 350,CHARLOTTE,NC,28202,United States,"128 S Tryon St #350, Charlotte, NC 28202, United States",True
ELAINE,-,RINALDI,-,ELAINE RINALDI,-,ORCHESTRA MIAMI,-,-,-,PO BOX 7598,MIAMI,FL,33255,United States,"3900 N Miami Ave, Miami, FL 33127, United States",True
VICTORIA,-,GAU,-,VICTORIA GAU,-,CAPITAL CITY SYMPHONY,-,-,-,1600 Pennsylvania Avenue NW,Washington,DC,20500,United States,"1333 H St NE, Washington, DC 20002, United States",True
VICTORIA,-,GAU,-,VICTORIA GAU,-,CAPITAL CITY SYMPHONY,-,-,-,1234,Sesame Street,VA,22101,United States,"1333 H St NE, Washington, DC 20002, United States",True
